{
    "close": [
        93460.5625,
        93388.078125,
        93463.34375,
        93608.1328125,
        93550.2109375,
        93571.5703125,
        93688.7734375,
        93717.359375,
        93692.2578125,
        93785.5078125,
        94053.7421875,
        94209.9765625,
        93934.4140625,
        93878.2421875,
        93964.2734375,
        93805.6875,
        93720.0703125,
        93649.7734375,
        93782.671875,
        93720.859375,
        93722.9921875,
        93667.3046875,
        93435.828125,
        93422.1171875,
        93564.421875,
        93496.8125,
        93615.3828125,
        93584.046875,
        93532.8203125,
        93560.3515625,
        93596.8671875,
        93697.625,
        93722.4921875,
        93734.1015625,
        93826.3359375,
        93886.2421875,
        93774.421875,
        93773.4296875,
        93768.5,
        93651.0,
        93634.5625,
        93630.7578125,
        93628.328125,
        93653.9375,
        93656.0078125,
        93594.5625,
        93604.8984375,
        93635.6875,
        93599.4375,
        93530.8203125,
        93513.3515625,
        93511.0234375,
        93506.625,
        93545.2421875,
        93486.28125,
        93442.078125,
        93446.7109375,
        93437.0234375,
        93447.515625,
        93357.875
    ],
    "time": [
        1735689600,
        1735689900,
        1735690200,
        1735690500,
        1735690800,
        1735691100,
        1735691400,
        1735691700,
        1735692000,
        1735692300,
        1735692600,
        1735692900,
        1735693200,
        1735693500,
        1735693800,
        1735694100,
        1735694400,
        1735694700,
        1735695000,
        1735695300,
        1735695600,
        1735695900,
        1735696200,
        1735696500,
        1735696800,
        1735697100,
        1735697400,
        1735697700,
        1735698000,
        1735698300,
        1735698600,
        1735698900,
        1735699200,
        1735699500,
        1735699800,
        1735700100,
        1735700400,
        1735700700,
        1735701000,
        1735701300,
        1735701600,
        1735701900,
        1735702200,
        1735702500,
        1735702800,
        1735703100,
        1735703400,
        1735703700,
        1735704000,
        1735704300,
        1735704600,
        1735704900,
        1735705200,
        1735705500,
        1735705800,
        1735706100,
        1735706400,
        1735706700,
        1735707000,
        1735707300
    ]
}